{
	"class_name" : "PinholeCameraParameters",
	"extrinsic" : 
	[
		0.31153979752344596,
		-0.35246184857868812,
		0.88244750543901729,
		0.0,
		-0.73655988507378523,
		0.49715265167834111,
		0.45860525141922048,
		0.0,
		-0.60035197197905721,
		-0.79284922036014405,
		-0.10472642223989778,
		0.0,
		2.6057418905237655,
		1.6619754034497451,
		13.735520881162381,
		1.0
	],
	"intrinsic" : 
	{
		"height" : 1080,
		"intrinsic_matrix" : 
		[
			935.30743608719376,
			0.0,
			0.0,
			0.0,
			935.30743608719376,
			0.0,
			959.5,
			539.5,
			1.0
		],
		"width" : 1920
	},
	"version_major" : 1,
	"version_minor" : 0
}